Name,Operator,Type,Geared,NominalCapacity,ReeferPlugs,Dwt,Built,Flag,Speed
EVERFOREVER,EVERGREENMARINECORPORATIONLTD,CC,N,12010,0,127076,2020,PANAMA,23
BALTICNORTH,CMA-CGM,CC,N,4228,408,52462,2009,MARSHALLISLANDS,19
CMACGMARCTIC,CMA-CGM,CC,N,14812,1000,158800,2022,MALTA,21
CMACGMHOPE,CMA-CGM,CC,N,14806,1000,158800,2020,MALTA,21
CMACGMSYMI,CMA-CGM,CC,N,14812,1000,158800,2022,MALTA,21
CMACGMTENERE,CMA-CGM,CC,N,14812,1000,158800,2020,MALTA,21
APLSANTIAGO,CMA-CGM,CC,N,9326,1014,115077,2014,SINGAPORE,21
APLVANCOUVER,CMA-CGM,CC,N,9326,1014,115059,2013,SINGAPORE,21
APLCOLUMBUS,CMA-CGM,CC,N,9326,1014,115059,2014,SINGAPORE,21
NYKOCEANUS,OCEANNETWORKEXPRESSPTE.LTD.,CC,N,8628,784,99563,2007,PANAMA,21
NYKORION,OCEANNETWORKEXPRESSPTE.LTD.,CC,N,8628,784,99563,2008,PANAMA,21
NYKVEGA,OCEANNETWORKEXPRESSPTE.LTD.,CC,N,9012,800,103300,2006,PANAMA,21
NYKVESTA,OCEANNETWORKEXPRESSPTE.LTD.,CC,N,9012,800,103300,2007,PANAMA,21
ONEOLYMPUS,OCEANNETWORKEXPRESSPTE.LTD.,CC,N,8628,784,99563,2008,SINGAPORE,21
CMACGMGEMINI,CMA-CGM,CC,N,11388,800,131274,2011,MALTA,22
CMACGMLOIRE,CMA-CGM,CC,N,9365,1458,112729,2015,MALTA,22
CMACGMBLUEWHALE,CMA-CGM,CC,N,5095,330,65892,2007,MALTA,22
CMACGMGEORGIA,CMA-CGM,CC,N,5095,330,65901,2008,MALTA,22
CMACGMNEWJERSEY,CMA-CGM,CC,N,5095,330,65900,2008,MALTA,22
CMACGMSWORDFISH,CMA-CGM,CC,N,5095,330,65987,2007,MALTA,22
CMACGMVIRGINIA,CMA-CGM,CC,N,5095,330,65913,2008,MALTA,22
APLCHONGQING,CMA-CGM,CC,N,10106,800,123137,2011,SINGAPORE,22
APLGWANGYANG,CMA-CGM,CC,N,10106,800,123137,2011,SINGAPORE,22
CMACGMANDROMEDA,CMA-CGM,CC,N,11388,800,131263,2009,MALTA,22
CMACGMRIGOLETTO,CMA-CGM,CC,N,9415,700,114004,2006,FRANCE,22
CMACGMTIGRIS,CMA-CGM,CC,N,10622,1458,112033,2014,MALTA,22
CMACGMTITAN,CMA-CGM,CC,N,11388,800,131228,2009,MALTA,22
CMACGMA.LINCOLN,CMA-CGM,CC,N,14414,1400,148992,2017,MALTA,22
CMACGMAMERIGOVESPUCCI,CMA-CGM,CC,N,13830,800,165040,2010,MALTA,22
CMACGMBRAZIL,CMA-CGM,CC,N,15072,1000,156656,2020,MALTA,22
CMACGMCHILE,CMA-CGM,CC,N,15072,1000,156656,2019,MALTA,22
CMACGMCHRISTOPHECOLOMB,CMA-CGM,CC,N,13830,800,164340,2009,MALTA,22
CMACGMJ.MADISON,CMA-CGM,CC,N,14414,1400,149071,2018,MALTA,22
CMACGMLAPEROUSE,CMA-CGM,CC,N,13830,800,164920,2010,MALTA,22
CMACGMMAGELLAN,CMA-CGM,CC,N,13830,800,164817,2010,MALTA,22
CMACGMMEXICO,CMA-CGM,CC,N,15072,1000,156656,2019,MALTA,22
CMACGMPANAMA,CMA-CGM,CC,N,15072,1000,156656,2019,MALTA,22
CMACGMT.JEFFERSON,CMA-CGM,CC,N,14414,1400,148992,2017,MALTA,22
CMACGMT.ROOSEVELT,CMA-CGM,CC,N,14414,1400,148992,2017,MALTA,22
COSCOSHIPPINGDENALI,COSCOSHIPPINGLINESCOLTD,CC,N,14566,1000,153949,2018,"HONGKONGSAR,CHINA",23
CMACGMMEDEA,CMA-CGM,CC,N,9415,700,113964,2006,FRANCE,23
EVERFINE,EVERGREENMARINECORPORATIONLTD,CC,N,11888,0,130573,2021,PANAMA,23
EVERFRONT,EVERGREENMARINECORPORATIONLTD,CC,N,12118,867,127075,2020,PANAMA,23
ONEHONOLULU,OCEANNETWORKEXPRESSPTE.LTD.,CC,N,9592,0,96980,2011,PANAMA,23
APLSENTOSA,CMA-CGM,CC,N,13892,1200,150166,2014,MALTA,23
COSCOENGLAND,ORIENTOVERSEASCONTAINERLINE.,CC,N,13386,1008,156618,2013,"HONGKONGSAR,CHINA",24
COSCOFRANCE,COSCOSHIPPINGLINESCOLTD,CC,N,13386,1008,156605,2013,"HONGKONGSAR,CHINA",24
COSCOITALY,ORIENTOVERSEASCONTAINERLINE.,CC,N,13386,1008,156610,2014,"HONGKONGSAR,CHINA",24
COSCONETHERLANDS,ORIENTOVERSEASCONTAINERLINE.,CC,N,13386,1008,156618,2013,"HONGKONGSAR,CHINA",24
COSCOPORTUGAL,ORIENTOVERSEASCONTAINERLINE.,CC,N,13386,1008,156610,2014,"HONGKONGSAR,CHINA",24
COSCOSPAIN,COSCOSHIPPINGLINESCOLTD,CC,N,13386,1008,156572,2013,"HONGKONGSAR,CHINA",24
CSCLAUTUMN,COSCOSHIPPINGLINESCOLTD,CC,N,10036,700,121270,2014,"HONGKONGSAR,CHINA",24
CSCLEASTCHINASEA,COSCOSHIPPINGLINESCOLTD,CC,N,10036,700,121185,2014,"HONGKONGSAR,CHINA",24
CSCLSOUTHCHINASEA,COSCOSHIPPINGLINESCOLTD,CC,N,10036,700,121270,2014,"HONGKONGSAR,CHINA",24
CSCLSPRING,COSCOSHIPPINGLINESCOLTD,CC,N,10036,700,121849,2014,"HONGKONGSAR,CHINA",24
CSCLSUMMER,COSCOSHIPPINGLINESCOLTD,CC,N,10036,700,121805,2014,"HONGKONGSAR,CHINA",24
CSCLYELLOWSEA,COSCOSHIPPINGLINESCOLTD,CC,N,10036,700,121193,2014,"HONGKONGSAR,CHINA",24
CMACGMALEXANDERVONHUMBOLDT,CMA-CGM,CC,N,16022,1185,186610,2013,MALTA,24
CMACGMCORTEREAL,CMA-CGM,CC,N,13830,800,165245,2010,MALTA,24
CMACGMHERMES,CMA-CGM,CC,N,15536,1800,156055,2021,MALTA,24
CMACGMJULESVERNE,CMA-CGM,CC,N,16022,1185,186673,2013,MALTA,24
CMACGMMARCOPOLO,CMA-CGM,CC,N,16022,1185,186470,2012,BAHAMAS,24
PRESIDENTEISENHOWER,CMACGMASIASHIPPINGPTE.LTD,CC,N,7831,500,93558,2005,UNITEDSTATES,24
OOCLLONDON,ORIENTOVERSEASCONTAINERLINE.,CC,N,8063,700,99518,2010,"HONGKONGSAR,CHINA",25
OOCLSOUTHAMPTON,ORIENTOVERSEASCONTAINERLINE.,CC,N,8063,710,99677,2007,"HONGKONGSAR,CHINA",25
OOCLTOKYO,ORIENTOVERSEASCONTAINERLINE.,CC,N,8063,710,99705,2007,"HONGKONGSAR,CHINA",25
OOCLCHICAGO,ORIENTOVERSEASCONTAINERLINE.,CC,N,5714,628,67278,2000,"HONGKONGSAR,CHINA",25
OOCLSANFRANCISCO,ORIENTOVERSEASCONTAINERLINE.,CC,N,5750,500,67313,2000,"HONGKONGSAR,CHINA",25
OOCLVANCOUVER,ORIENTOVERSEASCONTAINERLINE.,CC,N,5888,586,66940,2006,PANAMA,25
SEATTLEC,ORIENTOVERSEASCONTAINERLINE.,CC,N,4253,400,50500,2007,CYPRUS,25
ONEHUMBER,OCEANNETWORKEXPRESSPTE.LTD.,CC,N,8212,800,99214,2006,PANAMA,25
PRESIDENTWILSON,CMACGMASIASHIPPINGPTE.LTD,CC,N,5780,650,68017,2002,UNITEDSTATES,25
EVERLADEN,EVERGREENMARINECORPORATIONLTD,CC,N,8452,942,104408,2012,PANAMA,25
EVERLIBERAL,EVERGREENMARINECORPORATIONLTD,CC,N,8452,942,104281,2014,UNITEDKINGDOM,25
EVERLOTUS,EVERGREENMARINECORPORATIONLTD,CC,N,8452,942,104262,2013,PANAMA,25
EVERLOVELY,EVERGREENMARINECORPORATIONLTD,CC,N,8508,948,104357,2015,SINGAPORE,25
EVERELITE,EVERGREENMARINECORPORATIONLTD,CC,N,6332,703,75898,2002,UNITEDKINGDOM,25
EVERSHINE,EVERGREENMARINECORPORATIONLTD,CC,N,7024,839,78693,2005,UNITEDKINGDOM,25
EVERSTEADY,EVERGREENMARINECORPORATIONLTD,CC,N,7024,839,78693,2006,SINGAPORE,25
OOCLTAIPEI,ORIENTOVERSEASCONTAINERLINE.,CC,N,8825,700,101589,2015,"HONGKONGSAR,CHINA",26
OOCLUTAH,ORIENTOVERSEASCONTAINERLINE.,CC,N,8825,700,101589,2015,"HONGKONGSAR,CHINA",26
PRESIDENTCLEVELAND,CMACGMASIASHIPPINGPTE.LTD,CC,N,6552,700,84154,2012,UNITEDSTATES,26
PRESIDENTFDROOSEVELT,CMACGMASIASHIPPINGPTE.LTD,CC,N,6589,1162,81002,2010,UNITEDSTATES,26
PRESIDENTTRUMAN,CMACGMASIASHIPPINGPTE.LTD,CC,N,6552,700,84154,2014,UNITEDSTATES,26
OOCLOAKLAND,ORIENTOVERSEASCONTAINERLINE.,CC,N,5888,586,66940,2007,"HONGKONGSAR,CHINA",27
EVEREAGLE,EVERGREENMARINECORPORATIONLTD,CC,N,6332,703,75898,2001,UNITEDKINGDOM,27
,,,,890742,,,,,
